ID,Name,Overall,Nationality,Crossing,Finishing,HeadingAccuracy,Acceleration,GKReflexes,DefensiveAwareness
14134,De Gea,84.0,Spain,17.0,13.0,21.0,57.0,87.0,25.0
14244,J. Oblak,91.0,Slovenia,13.0,11.0,15.0,43.0,90.0,27.0
14680,Rui Patrício,82.0,Portugal,12.0,12.0,11.0,53.0,83.0,14.0
14896,D. Livaković,82.0,Croatia,13.0,12.0,13.0,57.0,85.0,24.0
14087,K. Navas,88.0,Costa Rica,11.0,15.0,11.0,54.0,89.0,28.0
15118,S. Handanovič,86.0,Slovenia,12.0,10.0,10.0,45.0,87.0,25.0
14905,Neto,82.0,Brazil,11.0,15.0,14.0,56.0,81.0,17.0
15304,K. Trapp,82.0,Germany,13.0,13.0,11.0,45.0,84.0,15.0
15136,Unai Simón,82.0,Spain,16.0,14.0,18.0,46.0,84.0,11.0
12350,M. Neuer,90.0,Germany,15.0,13.0,25.0,54.0,88.0,17.0
14615,A. Lopes,82.0,Portugal,19.0,18.0,16.0,63.0,86.0,13.0
15292,S. Sirigu,82.0,Italy,13.0,10.0,11.0,46.0,80.0,14.0
15262,Y. Bounou,82.0,Morocco,15.0,14.0,14.0,37.0,84.0,20.0
15217,O. Baumann,82.0,Germany,14.0,11.0,16.0,47.0,82.0,15.0
15056,P. Gulácsi,85.0,Hungary,16.0,10.0,23.0,42.0,86.0,25.0
15215,L. Fabiański,82.0,Poland,14.0,13.0,11.0,50.0,82.0,14.0
14753,B. Leno,83.0,Germany,9.0,9.0,13.0,55.0,85.0,27.0
15026,K. Casteels,86.0,Belgium,15.0,15.0,14.0,44.0,87.0,11.0
14742,K. Schmeichel,85.0,Denmark,18.0,12.0,16.0,45.0,90.0,14.0
14758,Y. Sommer,85.0,Switzerland,13.0,13.0,10.0,48.0,86.0,9.0
13177,21 A. Onana,84.0,Cameroon,15.0,12.0,20.0,64.0,86.0,12.0
14937,T. Courtois,89.0,Belgium,14.0,14.0,13.0,42.0,88.0,20.0
13755,M. Maignan,84.0,France,18.0,15.0,17.0,49.0,86.0,23.0
13890,M. ter Stegen,90.0,Germany,18.0,14.0,11.0,38.0,90.0,25.0
14644,H. Lloris,87.0,France,13.0,10.0,10.0,61.0,90.0,29.0
14608,G. Donnarumma,89.0,Italy,12.0,12.0,12.0,50.0,90.0,20.0
13109,J. Pickford,83.0,England,17.0,19.0,15.0,53.0,86.0,21.0
14991,W. Szczęsny,87.0,Poland,12.0,12.0,16.0,51.0,88.0,20.0
14455,Alisson,89.0,Brazil,17.0,13.0,29.0,56.0,89.0,15.0
11192,Ederson,89.0,Brazil,20.0,14.0,14.0,64.0,88.0,29.0
15618,E. Mendy,83.0,Senegal,10.0,5.0,10.0,36.0,84.0,10.0
15488,L. Hrádecký,83.0,Finland,11.0,11.0,11.0,38.0,87.0,10.0
13832,E. Martínez,84.0,Argentina,22.0,16.0,26.0,59.0,85.0,11.0
14679,Sergio Asenjo,83.0,Spain,24.0,14.0,13.0,59.0,83.0,24.0
15158,N. Pope,83.0,England,11.0,14.0,11.0,50.0,84.0,14.0
4,M. Acuña,84.0,Argentina,87.0,66.0,58.0,77.0,14.0,80.0
118,Alex Sandro,83.0,Brazil,84.0,55.0,76.0,78.0,5.0,76.0
181,Juan Bernat,82.0,Spain,83.0,65.0,56.0,82.0,16.0,75.0
61,T. Hernández,84.0,France,84.0,68.0,74.0,92.0,7.0,74.0
16,Alex Telles,82.0,Brazil,86.0,63.0,68.0,81.0,14.0,77.0
97,A. Robertson,87.0,Scotland,88.0,55.0,67.0,83.0,14.0,83.0
80,R. Guerreiro,84.0,Portugal,84.0,77.0,43.0,84.0,8.0,79.0
167,L. Shaw,84.0,England,85.0,44.0,78.0,76.0,7.0,83.0
32,Jordi Alba,86.0,Spain,85.0,73.0,70.0,87.0,13.0,74.0
22,L. Digne,84.0,France,88.0,60.0,71.0,81.0,13.0,78.0
341,N. Tagliafico,82.0,Argentina,76.0,55.0,82.0,79.0,16.0,81.0
210,A. Davies,82.0,Canada,74.0,67.0,64.0,96.0,14.0,74.0
73,Yuri Berchiche,82.0,Spain,83.0,61.0,74.0,81.0,11.0,80.0
4682,S. Coates,83.0,Uruguay,17.0,55.0,82.0,65.0,13.0,85.0
2754,Rúben Dias,87.0,Portugal,54.0,29.0,87.0,57.0,12.0,90.0
1194,Gabriel Paulista,82.0,Brazil,67.0,42.0,81.0,68.0,7.0,83.0
371,Marquinhos,87.0,Brazil,68.0,51.0,88.0,81.0,13.0,89.0
1905,Diego Carlos,82.0,Brazil,35.0,32.0,79.0,77.0,11.0,83.0
2546,C. Lenglet,82.0,France,55.0,39.0,81.0,73.0,7.0,83.0
7835,K. Koulibaly,86.0,Senegal,30.0,22.0,84.0,74.0,5.0,90.0
241,V. van Dijk,89.0,Netherlands,53.0,52.0,87.0,66.0,11.0,92.0
9372,K. Manolas,83.0,Greece,27.0,25.0,80.0,77.0,12.0,85.0
2783,Josué Chiamulera,82.0,Brazil,40.0,38.0,83.0,80.0,10.0,85.0
3091,J. Matip,83.0,Cameroon,54.0,36.0,84.0,50.0,10.0,86.0
2895,F. Acerbi,83.0,Italy,25.0,37.0,82.0,64.0,11.0,87.0
3560,G. Chiellini,86.0,Italy,63.0,33.0,77.0,67.0,3.0,93.0
1897,R. Varane,86.0,France,42.0,46.0,86.0,79.0,14.0,86.0
556,M. Hummels,86.0,Germany,65.0,57.0,88.0,47.0,6.0,90.0
2451,A. Rüdiger,83.0,Germany,68.0,32.0,81.0,64.0,8.0,85.0
2198,J. Koundé,83.0,France,45.0,47.0,79.0,81.0,13.0,85.0
2241,20 E. Garay,83.0,Argentina,62.0,51.0,81.0,40.0,14.0,82.0
12,Sergio Ramos,88.0,Spain,66.0,65.0,92.0,71.0,11.0,84.0
2389,S. Kjær,83.0,Denmark,50.0,55.0,81.0,63.0,15.0,87.0
853,Mario Hermoso,82.0,Spain,71.0,42.0,79.0,73.0,8.0,83.0
1199,A. Laporte,86.0,Spain,58.0,45.0,84.0,59.0,5.0,86.0
755,Éder Militão,82.0,Brazil,72.0,48.0,81.0,81.0,15.0,83.0
5975,A. Romagnoli,82.0,Italy,36.0,30.0,78.0,66.0,9.0,87.0
4639,J. Gomez,82.0,England,69.0,26.0,74.0,75.0,7.0,83.0
3667,D. Upamecano,82.0,France,48.0,39.0,82.0,70.0,9.0,78.0
3602,20 V. Kompany,82.0,Belgium,61.0,45.0,82.0,48.0,6.0,85.0
852,L. Hernández,83.0,France,78.0,53.0,82.0,77.0,10.0,85.0
266,D. Blind,82.0,Netherlands,80.0,60.0,76.0,48.0,10.0,83.0
6995,Raúl Albiol,82.0,Spain,38.0,27.0,77.0,48.0,8.0,89.0
8698,N. Süle,82.0,Germany,34.0,22.0,84.0,48.0,15.0,81.0
49,T. Delaney,81.0,Denmark,68.0,68.0,83.0,77.0,15.0,85.0
218,W. Ndidi,85.0,Nigeria,53.0,50.0,72.0,65.0,13.0,87.0
1453,J. Stones,83.0,England,62.0,52.0,84.0,67.0,8.0,84.0
400,Azpilicueta,83.0,Spain,80.0,46.0,77.0,69.0,5.0,85.0
1574,P. Kimpembe,83.0,France,59.0,31.0,80.0,80.0,9.0,81.0
5053,J. Giménez,84.0,Uruguay,47.0,37.0,83.0,70.0,15.0,87.0
1210,M. de Ligt,85.0,Netherlands,52.0,50.0,85.0,71.0,10.0,84.0
1214,L. Bonucci,85.0,Italy,44.0,48.0,83.0,60.0,4.0,88.0
3239,S. de Vrij,85.0,Netherlands,49.0,25.0,84.0,69.0,13.0,89.0
4952,Felipe,84.0,Brazil,45.0,39.0,83.0,55.0,7.0,86.0
1591,H. Maguire,84.0,England,51.0,48.0,87.0,47.0,9.0,87.0
1419,M. Ginter,84.0,Germany,68.0,55.0,84.0,54.0,10.0,87.0
1187,Piqué,84.0,Spain,57.0,65.0,84.0,50.0,8.0,86.0
13,D. Alaba,84.0,Austria,80.0,60.0,74.0,78.0,9.0,86.0
7078,S. Savić,84.0,Montenegro,35.0,34.0,84.0,60.0,12.0,90.0
325,20 D. De Rossi,82.0,Italy,57.0,50.0,81.0,60.0,9.0,90.0
1705,J. Boateng,83.0,Germany,69.0,34.0,83.0,63.0,5.0,84.0
4089,M. Škriniar,86.0,Slovakia,40.0,42.0,81.0,76.0,12.0,90.0
716,Thiago Silva,85.0,Brazil,60.0,40.0,81.0,52.0,10.0,87.0
172,Danilo,81.0,Brazil,76.0,59.0,76.0,67.0,5.0,82.0
24,T. Alexander-Arnold,87.0,England,92.0,60.0,69.0,77.0,7.0,80.0
271,Mário Fernandes,82.0,Russia,75.0,56.0,72.0,79.0,12.0,78.0
60,Ricardo Pereira,84.0,Portugal,82.0,66.0,67.0,82.0,11.0,80.0
21,João Cancelo,86.0,Portugal,86.0,68.0,72.0,86.0,14.0,79.0
19,J. Cuadrado,83.0,Colombia,84.0,70.0,67.0,91.0,9.0,75.0
65,K. Trippier,84.0,England,86.0,54.0,79.0,74.0,10.0,79.0
776,D. Dumfries,82.0,Netherlands,73.0,64.0,84.0,76.0,14.0,75.0
58,A. Hakimi,85.0,Morocco,86.0,73.0,68.0,95.0,8.0,75.0
53,K. Walker,85.0,England,77.0,51.0,74.0,89.0,8.0,77.0
184,Carvajal,85.0,Spain,82.0,51.0,72.0,79.0,15.0,82.0
78,Jesús Navas,84.0,Spain,85.0,65.0,73.0,90.0,13.0,82.0
868,A. Wan-Bissaka,83.0,England,73.0,46.0,51.0,82.0,8.0,78.0
148,K. Laimer,81.0,Austria,78.0,69.0,69.0,82.0,12.0,83.0
267,Gayà,83.0,Spain,80.0,61.0,58.0,81.0,9.0,79.0
117,F. Mendy,83.0,France,78.0,63.0,72.0,91.0,9.0,77.0
452,B. Chilwell,82.0,England,82.0,49.0,68.0,77.0,10.0,78.0
101,Renan Lodi,81.0,Brazil,81.0,64.0,70.0,85.0,15.0,76.0
54,R. Gosens,83.0,Germany,82.0,79.0,82.0,79.0,10.0,75.0
226,L. Spinazzola,83.0,Italy,84.0,60.0,69.0,94.0,14.0,82.0
63,21 Renato Augusto,83.0,Brazil,75.0,78.0,65.0,73.0,8.0,75.0
102,M. Arnold,81.0,Germany,69.0,77.0,58.0,65.0,10.0,78.0
215,M. Locatelli,82.0,Italy,70.0,69.0,68.0,62.0,15.0,80.0
81,L. Paredes,81.0,Argentina,79.0,61.0,60.0,67.0,10.0,79.0
26,A. Vidal,81.0,Chile,76.0,75.0,81.0,66.0,4.0,80.0
116,T. Kroos,88.0,Germany,88.0,77.0,58.0,55.0,10.0,71.0
841,C. Eriksen,82.0,Denmark,86.0,73.0,52.0,63.0,6.0,59.0
106,H. Herrera,81.0,Mexico,65.0,72.0,61.0,71.0,16.0,81.0
10,L. Modrić,87.0,Croatia,86.0,72.0,55.0,76.0,9.0,70.0
17,F. de Jong,87.0,Netherlands,78.0,72.0,72.0,80.0,9.0,76.0
27,P. Pogba,87.0,France,77.0,75.0,74.0,63.0,3.0,59.0
77,21 I. Fernández,81.0,Argentina,77.0,77.0,65.0,75.0,12.0,69.0
1,L. Goretzka,87.0,Germany,75.0,82.0,86.0,78.0,9.0,74.0
70,R. De Paul,82.0,Argentina,69.0,76.0,50.0,81.0,14.0,68.0
7,G. Wijnaldum,84.0,Netherlands,72.0,75.0,78.0,78.0,6.0,79.0
111,Arthur,83.0,Brazil,79.0,59.0,51.0,71.0,12.0,74.0
18,M. Sabitzer,84.0,Austria,74.0,81.0,60.0,75.0,13.0,71.0
79,F. Valverde,83.0,Uruguay,66.0,69.0,59.0,82.0,8.0,79.0
98,T. Partey,83.0,Ghana,74.0,66.0,68.0,63.0,7.0,80.0
6,Paulinho,83.0,Brazil,67.0,83.0,85.0,73.0,8.0,80.0
14,Merino,83.0,Spain,77.0,79.0,81.0,73.0,14.0,80.0
15,N. Barella,84.0,Italy,69.0,69.0,53.0,80.0,11.0,74.0
124,Pizzi,81.0,Portugal,80.0,77.0,45.0,78.0,15.0,67.0
92,Parejo,86.0,Spain,86.0,83.0,61.0,52.0,8.0,70.0
139,J. Ward-Prowse,81.0,England,89.0,71.0,57.0,66.0,15.0,64.0
130,D. van de Beek,81.0,Netherlands,67.0,78.0,69.0,67.0,14.0,72.0
62,Grimaldo,82.0,Spain,82.0,52.0,66.0,86.0,13.0,71.0
89,Rúben Neves,82.0,Portugal,78.0,66.0,53.0,64.0,10.0,76.0
158,Campaña,82.0,Spain,81.0,73.0,65.0,70.0,10.0,72.0
164,I. Rakitić,82.0,Croatia,84.0,77.0,59.0,59.0,9.0,76.0
20,Koke,85.0,Spain,85.0,72.0,61.0,72.0,13.0,82.0
25,S. Milinković-Savić,85.0,Serbia,64.0,80.0,86.0,66.0,7.0,78.0
48,I. Gündoğan,85.0,Germany,78.0,80.0,50.0,66.0,13.0,76.0
723,F. Neuhaus,82.0,Germany,68.0,70.0,51.0,72.0,15.0,67.0
180,M. Kovačić,83.0,Croatia,73.0,61.0,42.0,77.0,7.0,70.0
44,Thiago,86.0,Spain,78.0,68.0,54.0,72.0,13.0,67.0
211,Fabián,82.0,Spain,72.0,79.0,67.0,67.0,13.0,70.0
59,Y. Tielemans,84.0,Belgium,82.0,74.0,67.0,67.0,12.0,70.0
42,M. Verratti,87.0,Italy,82.0,60.0,57.0,68.0,10.0,78.0
3,K. De Bruyne,91.0,Belgium,94.0,82.0,55.0,76.0,13.0,68.0
161,Jorginho,85.0,Italy,75.0,64.0,56.0,61.0,8.0,67.0
152,A. Rabiot,81.0,France,70.0,69.0,69.0,70.0,15.0,70.0
105,E. Banega,82.0,Argentina,80.0,71.0,55.0,63.0,10.0,79.0
86,Fred,81.0,Brazil,70.0,60.0,52.0,81.0,15.0,74.0
1196,D. Rice,82.0,England,50.0,42.0,71.0,64.0,9.0,80.0
247,I. Gueye,82.0,Senegal,60.0,60.0,69.0,70.0,13.0,82.0
229,T. Souček,82.0,Czech Republic,69.0,73.0,83.0,61.0,8.0,81.0
292,P. Højbjerg,83.0,Denmark,66.0,65.0,65.0,58.0,11.0,84.0
542,Fernando,84.0,Brazil,62.0,54.0,74.0,65.0,5.0,84.0
192,B. André,81.0,France,72.0,61.0,80.0,65.0,10.0,77.0
166,Allan,83.0,Brazil,72.0,73.0,56.0,77.0,8.0,82.0
8,E. Can,82.0,Germany,69.0,76.0,82.0,67.0,11.0,81.0
94,A. Witsel,83.0,Belgium,69.0,71.0,84.0,60.0,7.0,82.0
198,M. de Roon,82.0,Netherlands,68.0,60.0,75.0,64.0,12.0,82.0
45,J. Veretout,82.0,France,69.0,69.0,59.0,84.0,9.0,79.0
28,Casemiro,89.0,Brazil,58.0,64.0,79.0,60.0,12.0,85.0
5,J. Kimmich,89.0,Germany,91.0,68.0,72.0,77.0,15.0,85.0
41,M. Brozović,84.0,Croatia,72.0,69.0,70.0,70.0,8.0,77.0
71,N. Kanté,90.0,France,68.0,65.0,54.0,82.0,10.0,90.0
46,J. Henderson,84.0,England,82.0,73.0,65.0,67.0,13.0,79.0
804,Sergio Busquets,86.0,Spain,62.0,67.0,68.0,40.0,13.0,84.0
96,Fabinho,86.0,Brazil,75.0,63.0,75.0,65.0,8.0,86.0
265,Rodri,86.0,Spain,63.0,64.0,78.0,60.0,8.0,83.0
142,Fernandinho,83.0,Brazil,68.0,66.0,71.0,67.0,7.0,87.0
51,F. Kessié,84.0,Côte d'Ivoire,66.0,67.0,68.0,76.0,10.0,85.0
207,H. Aouar,81.0,France,70.0,74.0,59.0,76.0,10.0,66.0
444,P. Foden,84.0,England,75.0,79.0,47.0,86.0,13.0,58.0
471,J. Iličić,84.0,Slovenia,82.0,85.0,58.0,76.0,6.0,41.0
588,K. Havertz,84.0,Germany,72.0,81.0,78.0,77.0,12.0,39.0
713,J. Grealish,84.0,England,81.0,77.0,36.0,81.0,13.0,48.0
830,Luis Alberto,84.0,Spain,69.0,77.0,49.0,61.0,11.0,58.0
562,David Silva,85.0,Spain,83.0,72.0,53.0,70.0,12.0,58.0
38,Canales,83.0,Spain,81.0,79.0,50.0,85.0,12.0,64.0
446,A. Gómez,85.0,Argentina,83.0,77.0,38.0,91.0,6.0,50.0
115,Oscar,82.0,Brazil,81.0,78.0,59.0,82.0,12.0,66.0
11,Marcos Llorente,86.0,Spain,74.0,81.0,67.0,86.0,15.0,79.0
90,Anderson Talisca,82.0,Brazil,75.0,81.0,77.0,84.0,10.0,45.0
170,Bernardo Silva,86.0,Portugal,85.0,77.0,51.0,83.0,9.0,49.0
635,Marco Asensio,83.0,Spain,81.0,77.0,57.0,83.0,10.0,40.0
421,João Félix,83.0,Portugal,73.0,79.0,69.0,81.0,14.0,30.0
376,Muniain,83.0,Spain,81.0,79.0,43.0,84.0,12.0,58.0
127,M. Rashford,85.0,England,80.0,83.0,68.0,86.0,14.0,45.0
259,M. Mount,83.0,England,82.0,79.0,59.0,77.0,12.0,54.0
175,M. Reus,85.0,Germany,85.0,84.0,44.0,76.0,11.0,52.0
317,Coutinho,82.0,Brazil,78.0,75.0,48.0,74.0,6.0,55.0
173,A. Correa,83.0,Argentina,75.0,85.0,69.0,86.0,16.0,42.0
321,H. Çalhanoğlu,82.0,Turkey,81.0,75.0,53.0,72.0,10.0,62.0
336,M. Götze,82.0,Germany,82.0,75.0,47.0,69.0,10.0,64.0
306,J. Maddison,82.0,England,81.0,75.0,35.0,78.0,14.0,59.0
295,M. Ødegaard,82.0,Norway,84.0,73.0,52.0,80.0,10.0,65.0
150,T. Müller,87.0,Germany,85.0,88.0,81.0,66.0,14.0,47.0
156,P. Dybala,87.0,Argentina,82.0,85.0,59.0,88.0,8.0,32.0
197,T. Ndombele,82.0,France,75.0,70.0,56.0,73.0,7.0,66.0
855,J. Sancho,87.0,England,82.0,83.0,38.0,85.0,13.0,32.0
120,L. Stindl,82.0,Germany,74.0,84.0,65.0,63.0,12.0,59.0
443,Isco,82.0,Spain,78.0,76.0,55.0,70.0,6.0,58.0
597,Dani Olmo,82.0,Spain,78.0,74.0,43.0,77.0,11.0,50.0
174,C. Nkunku,81.0,France,81.0,74.0,59.0,81.0,7.0,69.0
162,Jonathan Viera,81.0,Spain,73.0,76.0,65.0,85.0,9.0,63.0
50,Lucas Paquetá,81.0,Brazil,74.0,78.0,60.0,73.0,11.0,69.0
87,Carlos Soler,81.0,Spain,77.0,78.0,56.0,75.0,11.0,67.0
56,L. Pellegrini,81.0,Italy,74.0,72.0,71.0,77.0,11.0,70.0
967,Ferran Torres,82.0,Spain,77.0,81.0,73.0,87.0,12.0,35.0
0,Bruno Fernandes,88.0,Portugal,87.0,83.0,64.0,77.0,14.0,72.0
83,G. Lo Celso,81.0,Argentina,79.0,75.0,60.0,76.0,14.0,64.0
199,N. Fekir,84.0,France,79.0,83.0,49.0,88.0,15.0,34.0
109,T. Lemar,83.0,France,83.0,75.0,54.0,84.0,14.0,55.0
1026,O. Dembélé,83.0,France,81.0,75.0,43.0,94.0,13.0,42.0
35,Angeliño,83.0,Spain,88.0,70.0,65.0,85.0,13.0,77.0
110,I. Perišić,81.0,Croatia,80.0,78.0,80.0,82.0,6.0,64.0
816,L. Bailey,82.0,Jamaica,74.0,79.0,57.0,93.0,14.0,45.0
23,F. Kostić,84.0,Serbia,91.0,75.0,59.0,89.0,13.0,69.0
1228,K. Coman,86.0,France,79.0,75.0,61.0,94.0,5.0,29.0
255,A. Rebić,82.0,Croatia,76.0,85.0,74.0,83.0,14.0,48.0
305,T. Hazard,82.0,Belgium,81.0,74.0,42.0,84.0,8.0,58.0
129,H. Son,89.0,Korea Republic,83.0,88.0,68.0,85.0,10.0,50.0
307,Y. Carrasco,84.0,Belgium,81.0,81.0,53.0,89.0,10.0,44.0
261,Raphinha,82.0,Brazil,78.0,74.0,45.0,90.0,14.0,45.0
74,G. Bale,82.0,Wales,86.0,82.0,84.0,80.0,6.0,50.0
1498,C. Pulisic,82.0,United States,74.0,73.0,50.0,91.0,14.0,38.0
264,Ronaldo Cabrais,83.0,Brazil,83.0,74.0,64.0,90.0,13.0,24.0
344,S. Gnabry,85.0,Germany,74.0,86.0,42.0,90.0,7.0,45.0
691,L. Insigne,86.0,Italy,77.0,76.0,59.0,90.0,10.0,53.0
486,E. Hazard,85.0,Belgium,77.0,78.0,61.0,86.0,8.0,34.0
220,R. Sterling,88.0,England,79.0,85.0,46.0,95.0,9.0,47.0
31,L. Ocampos,83.0,Argentina,79.0,86.0,77.0,80.0,7.0,58.0
55,S. Mané,89.0,Senegal,78.0,86.0,84.0,93.0,14.0,42.0
478,Oyarzabal,85.0,Spain,82.0,84.0,60.0,83.0,11.0,55.0
64,Neymar Jr,91.0,Brazil,85.0,83.0,63.0,93.0,11.0,35.0
230,D. Tadić,84.0,Serbia,86.0,83.0,66.0,67.0,16.0,51.0
315,H. Ziyech,84.0,Morocco,88.0,73.0,52.0,79.0,14.0,44.0
75,Portu,82.0,Spain,78.0,81.0,77.0,89.0,13.0,55.0
1620,Suso,82.0,Spain,84.0,72.0,50.0,78.0,9.0,48.0
34,M. Salah,89.0,Egypt,79.0,91.0,59.0,89.0,14.0,38.0
146,Lucas Vázquez,81.0,Spain,83.0,72.0,58.0,83.0,7.0,71.0
76,A. Di María,87.0,Argentina,88.0,79.0,51.0,83.0,11.0,41.0
606,R. Mahrez,86.0,Algeria,81.0,82.0,48.0,84.0,6.0,45.0
859,C. Vela,83.0,Mexico,78.0,85.0,67.0,81.0,10.0,31.0
29,L. Messi,93.0,Argentina,85.0,95.0,70.0,91.0,8.0,20.0
654,D. Berardi,82.0,Italy,77.0,80.0,62.0,81.0,6.0,42.0
1284,W. Zaha,82.0,Côte d'Ivoire,76.0,78.0,47.0,88.0,10.0,30.0
126,H. Mkhitaryan,83.0,Armenia,77.0,80.0,68.0,86.0,7.0,51.0
52,R. Malinovskyi,81.0,Ukraine,79.0,73.0,74.0,73.0,13.0,55.0
232,W. Ben Yedder,84.0,France,74.0,88.0,74.0,83.0,7.0,34.0
909,D. Mertens,84.0,Belgium,73.0,84.0,40.0,90.0,4.0,23.0
340,M. Depay,85.0,Netherlands,84.0,83.0,65.0,81.0,10.0,23.0
68,Roberto Firmino,85.0,Brazil,73.0,78.0,78.0,77.0,10.0,55.0
201,K. Benzema,89.0,France,75.0,90.0,89.0,77.0,7.0,43.0
874,L. Muriel,82.0,Colombia,71.0,84.0,69.0,87.0,6.0,26.0
2,L. Suárez,88.0,Uruguay,80.0,93.0,84.0,76.0,37.0,42.0
182,Richarlison,82.0,Brazil,73.0,80.0,83.0,85.0,13.0,45.0
439,André Silva,84.0,Portugal,60.0,87.0,86.0,77.0,8.0,36.0
119,Diogo Jota,82.0,Portugal,71.0,84.0,77.0,88.0,11.0,54.0
2641,Y. En-Nesyri,82.0,Morocco,48.0,89.0,84.0,74.0,13.0,27.0
576,Z. Ibrahimović,84.0,Sweden,72.0,86.0,83.0,64.0,12.0,28.0
2419,D. Zapata,83.0,Colombia,44.0,88.0,83.0,78.0,8.0,44.0
196,Gerard Moreno,86.0,Spain,77.0,89.0,82.0,80.0,10.0,44.0
417,C. Immobile,87.0,Italy,55.0,91.0,81.0,84.0,6.0,34.0
2097,W. Weghorst,83.0,Netherlands,42.0,87.0,92.0,59.0,12.0,44.0
1959,M. Icardi,83.0,Argentina,47.0,87.0,85.0,70.0,9.0,45.0
194,Morales,81.0,Spain,77.0,84.0,64.0,87.0,8.0,44.0
464,A. Kramarić,83.0,Croatia,76.0,87.0,69.0,76.0,15.0,35.0
154,J. Vardy,86.0,England,69.0,90.0,79.0,85.0,11.0,45.0
812,T. Werner,84.0,Germany,69.0,81.0,76.0,93.0,9.0,39.0
251,E. Haaland,88.0,Norway,47.0,94.0,69.0,82.0,7.0,44.0
527,P. Aubameyang,85.0,Gabon,76.0,89.0,73.0,87.0,9.0,20.0
36,Cristiano Ronaldo,91.0,Portugal,87.0,95.0,90.0,85.0,11.0,24.0
281,E. Cavani,85.0,Uruguay,68.0,89.0,88.0,64.0,10.0,45.0
82,K. Mbappé,91.0,France,78.0,93.0,72.0,97.0,6.0,26.0
291,R. Jiménez,83.0,Mexico,73.0,84.0,85.0,63.0,10.0,45.0
128,L. Martínez,85.0,Argentina,56.0,85.0,87.0,86.0,13.0,55.0
383,Iago Aspas,84.0,Spain,80.0,89.0,77.0,78.0,13.0,39.0
396,S. Agüero,87.0,Argentina,70.0,93.0,78.0,75.0,14.0,30.0
178,K. Volland,83.0,Germany,78.0,86.0,76.0,76.0,12.0,22.0
346,L. Sané,84.0,Germany,83.0,81.0,72.0,91.0,14.0,36.0
33,R. Lewandowski,92.0,Poland,71.0,95.0,90.0,77.0,10.0,35.0
425,R. Lukaku,88.0,Belgium,73.0,92.0,89.0,81.0,10.0,30.0
436,Gabriel Jesus,83.0,Brazil,66.0,84.0,77.0,87.0,15.0,45.0
533,A. Lacazette,82.0,France,68.0,83.0,75.0,77.0,6.0,39.0
2262,A. Isak,82.0,Sweden,61.0,83.0,77.0,82.0,11.0,25.0
39,H. Kane,90.0,England,80.0,94.0,86.0,65.0,11.0,50.0
1407,E. Džeko,83.0,Bosnia and Herzegovina,63.0,85.0,83.0,64.0,15.0,54.0
